<?xml version="1.0" encoding="UTF-8"?>
<project-private xmlns="http://www.netbeans.org/ns/project-private/1">
    <editor-bookmarks xmlns="http://www.netbeans.org/ns/editor-bookmarks/2" lastBookmarkId="0"/>
    <open-files xmlns="http://www.netbeans.org/ns/projectui-open-files/2">
        <group>
            <file>file:/C:/Users/Tamayo/Desktop/supropiedadraiz/src/java/controllers/verClientes.java</file>
            <file>file:/C:/Users/Tamayo/Desktop/supropiedadraiz/web/header.jsp</file>
            <file>file:/C:/Users/Tamayo/Desktop/supropiedadraiz/src/java/controllers/index.java</file>
            <file>file:/C:/Users/Tamayo/Desktop/supropiedadraiz/web/login.jsp</file>
            <file>file:/C:/Users/Tamayo/Desktop/supropiedadraiz/src/java/controllers/verInmuebles.java</file>
            <file>file:/C:/Users/Tamayo/Desktop/supropiedadraiz/src/java/controllers/login.java</file>
            <file>file:/C:/Users/Tamayo/Desktop/supropiedadraiz/web/verClientes.jsp</file>
            <file>file:/C:/Users/Tamayo/Desktop/supropiedadraiz/web/verInmuebles.jsp</file>
        </group>
    </open-files>
</project-private>
